<?xml version="1.0"?>
<theme-info xmlns="http://www.simplemachines.org/xml/theme-info" xmlns:smf="http://www.simplemachines.org/">
		<id>runic:ancient_and_rusted</id>
		<version>1.2</version>
        <!-- Theme name, used purely for aesthetics. -->
        <name>Ancient and Rusted</name>
        <!-- Author: Runic>
        <author name="SMFHacks.com">www.smfhacks.com</author>
        <!-- Website... where to get updates and more information. -->
        <website>http://www.smfhacks.com</website>
        <!-- Template layers to use, defaults to "main". -->
	````<layers>html,body</layers>
        <!-- Templates to load on startup.  Default is "index". -->
        <templates>index</templates>
        <!-- Base this theme off another?  Default is blank, or no.  It could be "default". -->
        <based-on></based-on>
</theme-info>
